,,,,,,,
,,MAGAZINES,,,,,
,S.NO.,TITLE,PRICE,BOOK CODE,ACC #,DONATED BY,DATE OF ADDITION
,1,i Wonder - Rediscovering School Science - Feb2017,,EM.IWON1,EM001,,
,2,i Wonder - Rediscovering School Science - Jan2018,,EM.IWON2,EM002,,
,3,At Right Angles - Nov2017,,EM.ARA1,EM003,,
,4,At Right Angles - Mar2018,,EM.ARA2,EM004,,
,5,,,,EM005,,
,6,,,,EM006,,
,7,,,,EM007,,
,8,,,,EM008,,
,9,,,,EM009,,
,10,,,,EM010,,
,11,,,,EM011,,
,12,,,,EM012,,
,13,,,,EM013,,
,14,,,,EM014,,
,15,,,,EM015,,
,16,,,,EM016,,
,17,,,,EM017,,
,18,,,,EM018,,
,19,,,,EM019,,
,20,,,,EM020,,
,21,,,,EM021,,
,22,,,,EM022,,
,23,,,,EM023,,
,24,,,,EM024,,
,25,,,,EM025,,
,26,,,,EM026,,
,27,,,,EM027,,
,28,,,,EM028,,
,29,,,,EM029,,
,30,,,,EM030,,
,31,,,,EM031,,
,32,,,,EM032,,
,33,,,,EM033,,
,34,,,,EM034,,
,35,,,,EM035,,
,36,,,,EM036,,
,37,,,,EM037,,
,38,,,,EM038,,
,39,,,,EM039,,
,40,,,,EM040,,
,41,,,,EM041,,
,42,,,,EM042,,
,43,,,,EM043,,
,44,,,,EM044,,
,45,,,,EM045,,
,46,,,,EM046,,
,47,,,,EM047,,
,48,,,,EM048,,
,49,,,,EM049,,
,50,,,,EM050,,
,51,,,,EM051,,
,52,,,,EM052,,
,53,,,,EM053,,
,54,,,,EM054,,
,55,,,,EM055,,
,56,,,,EM056,,
,57,,,,EM057,,
,58,,,,EM058,,
,59,,,,EM059,,
,60,,,,EM060,,
,61,,,,EM061,,
,62,,,,EM062,,
,63,,,,EM063,,
,64,,,,EM064,,
,65,,,,EM065,,
,66,,,,EM066,,
,67,,,,EM067,,
,68,,,,EM068,,
,69,,,,EM069,,
,70,,,,EM070,,
,71,,,,EM071,,
,72,,,,EM072,,
,73,,,,EM073,,
,74,,,,EM074,,
,75,,,,EM075,,
,76,,,,EM076,,
,77,,,,EM077,,
,78,,,,EM078,,
,79,,,,EM079,,
,80,,,,EM080,,
,81,,,,EM081,,
,82,,,,EM082,,
,83,,,,EM083,,
,84,,,,EM084,,
,85,,,,EM085,,
,86,,,,EM086,,
,87,,,,EM087,,
,88,,,,EM088,,
,89,,,,EM089,,
,90,,,,EM090,,
,91,,,,EM091,,
,92,,,,EM092,,
,93,,,,EM093,,
,94,,,,EM094,,
,95,,,,EM095,,
,96,,,,EM096,,
,97,,,,EM097,,
,98,,,,EM098,,
,99,,,,EM099,,
,100,,,,EM100,,
,101,,,,EM101,,
,102,,,,EM102,,
,103,,,,EM103,,
,104,,,,EM104,,
,105,,,,EM105,,
,106,,,,EM106,,
,107,,,,EM107,,
,108,,,,EM108,,
,109,,,,EM109,,
,110,,,,EM110,,
,111,,,,EM111,,
,112,,,,EM112,,
,113,,,,EM113,,
,114,,,,EM114,,
,115,,,,EM115,,
,116,,,,EM116,,
,117,,,,EM117,,
,118,,,,EM118,,
,119,,,,EM119,,
,120,,,,EM120,,
,121,,,,EM121,,
,122,,,,EM122,,
,123,,,,EM123,,
,124,,,,EM124,,
,125,,,,EM125,,
,126,,,,EM126,,
,127,,,,EM127,,
,128,,,,EM128,,
,129,,,,EM129,,
,130,,,,EM130,,
,131,,,,EM131,,
,132,,,,EM132,,
,133,,,,EM133,,
,134,,,,EM134,,
,135,,,,EM135,,
,136,,,,EM136,,
,137,,,,EM137,,
,138,,,,EM138,,
,139,,,,EM139,,
,140,,,,EM140,,
,141,,,,EM141,,
,142,,,,EM142,,
,143,,,,EM143,,
,144,,,,EM144,,
,145,,,,EM145,,
,146,,,,EM146,,
,147,,,,EM147,,
,148,,,,EM148,,
,149,,,,EM149,,
,150,,,,EM150,,
,151,,,,EM151,,
,152,,,,EM152,,
,153,,,,EM153,,
,154,,,,EM154,,
,155,,,,EM155,,
,156,,,,EM156,,
,157,,,,EM157,,
,158,,,,EM158,,
,159,,,,EM159,,
,160,,,,EM160,,
,161,,,,EM161,,
,162,,,,EM162,,
,163,,,,EM163,,
,164,,,,EM164,,
,165,,,,EM165,,
,166,,,,EM166,,
,167,,,,EM167,,
,168,,,,EM168,,
,169,,,,EM169,,
,170,,,,EM170,,
,171,,,,EM171,,
,172,,,,EM172,,
,173,,,,EM173,,
,174,,,,EM174,,
,175,,,,EM175,,
,176,,,,EM176,,
,177,,,,EM177,,
,178,,,,EM178,,
,179,,,,EM179,,
,180,,,,EM180,,
,181,,,,EM181,,
,182,,,,EM182,,
,183,,,,EM183,,
,184,,,,EM184,,
,185,,,,EM185,,
,186,,,,EM186,,
,187,,,,EM187,,
,188,,,,EM188,,
,189,,,,EM189,,
,190,,,,EM190,,
,191,,,,EM191,,
,192,,,,EM192,,
,193,,,,EM193,,
,194,,,,EM194,,
,195,,,,EM195,,
,196,,,,EM196,,
,197,,,,EM197,,
,198,,,,EM198,,
,199,,,,EM199,,
,200,,,,EM200,,
,201,,,,EM201,,
,202,,,,EM202,,
,203,,,,EM203,,
,204,,,,EM204,,
,205,,,,EM205,,
,206,,,,EM206,,
,207,,,,EM207,,
,208,,,,EM208,,
,209,,,,EM209,,
,210,,,,EM210,,
,211,,,,EM211,,
,212,,,,EM212,,
,213,,,,EM213,,
,214,,,,EM214,,
,215,,,,EM215,,
,216,,,,EM216,,
,217,,,,EM217,,
,218,,,,EM218,,
,219,,,,EM219,,
,220,,,,EM220,,
,221,,,,EM221,,
,222,,,,EM222,,
,223,,,,EM223,,
,224,,,,EM224,,
,225,,,,EM225,,
,226,,,,EM226,,
,227,,,,EM227,,
,228,,,,EM228,,
,229,,,,EM229,,
,230,,,,EM230,,
,231,,,,EM231,,
,232,,,,EM232,,
,233,,,,EM233,,
,234,,,,EM234,,
,235,,,,EM235,,
,236,,,,EM236,,
,237,,,,EM237,,
,238,,,,EM238,,
,239,,,,EM239,,
,240,,,,EM240,,
,241,,,,EM241,,
,242,,,,EM242,,
,243,,,,EM243,,
,244,,,,EM244,,
,245,,,,EM245,,
,246,,,,EM246,,
,247,,,,EM247,,
,248,,,,EM248,,
,249,,,,EM249,,
,250,,,,EM250,,
,251,,,,EM251,,
,252,,,,EM252,,
,253,,,,EM253,,
,254,,,,EM254,,
,255,,,,EM255,,
,256,,,,EM256,,
,257,,,,EM257,,
,258,,,,EM258,,
,259,,,,EM259,,
,260,,,,EM260,,
,261,,,,EM261,,
,262,,,,EM262,,
,263,,,,EM263,,
,264,,,,EM264,,
,265,,,,EM265,,
,266,,,,EM266,,
,267,,,,EM267,,
,268,,,,EM268,,
,269,,,,EM269,,
,270,,,,EM270,,
,271,,,,EM271,,
,272,,,,EM272,,
,273,,,,EM273,,
,274,,,,EM274,,
,275,,,,EM275,,
,276,,,,EM276,,
,277,,,,EM277,,
,278,,,,EM278,,